,CONTENT
0,"<p class=""spinmail-quill-editor__spin-break"">Ol√°,&nbsp;Ramon.</p><p class=""spinmail-quill-editor__spin-break""><br></p><p class=""spinmail-quill-editor__spin-break"">Gostaria de oferecer a voc√™ uma <a rel=""noopener"" href=""https://www.linkedin.com/premium/products?displayProducts=&amp;family=jss&amp;_ed=0_bvLJH59RTSY-u5c6PMUa4KEu5jfk9zYfhiTEOmBlPTY&amp;type=premium&amp;src=li-in&amp;trk=spinml_mktg_jss_ha_c_JSS_C_GLOBAL_PT_SPIN_CHOOSER_JobAppTrigger_Firewood&amp;mcid=6682985829083697152&li_fat_id=be1052c9-cfae-4d08-bd48-d7f37f8fd38b"" target=""_blank"">demonstra√ß√£o gratuita do LinkedIn Premium</a>. Os benef√≠cios do LinkedIn Premium incluem:</p><p class=""spinmail-quill-editor__spin-break""><br></p><ul><li><strong>Cursos do LinkedIn Learning</strong>, para voc√™ se capacitar com mais de 15.000 cursos&nbsp;em&nbsp;v√≠deo criados por especialistas.</li><li><strong>Mensagens de InMail</strong> para entrar em contato com qualquer pessoa, mesmo que voc√™s n√£o estejam conectados.</li><li><strong>Quem viu seu perfil</strong>, para visualizar todas as pessoas que visitaram seu perfil nos √∫ltimos 90 dias.</li><li>Uma lista das <strong>vagas mais adequadas para seu perfil </strong>e para as quais voc√™ seria um candidato ideal.</li><li><strong>Informa√ß√µes comparativas</strong> que avaliam seu perfil em rela√ß√£o ao de outros candidatos √†s mesmas vagas.</li></ul><p class=""spinmail-quill-editor__spin-break"">Comece j√° sua demonstra√ß√£o gratuita de 1 m√™s.</p><p class=""spinmail-quill-editor__spin-break""><br></p><p class=""spinmail-quill-editor__spin-break"">Atenciosamente,&nbsp;</p><p class=""spinmail-quill-editor__spin-break""><br></p><p class=""spinmail-quill-editor__spin-break"">Liza e a Equipe LinkedIn Premium</p>"
1,"Ol√° Luciane, estou participando do seu Webinar e tenho interesse em conectar com voc√™ no LinkedIn. "
2,"<p class=""spinmail-quill-editor__spin-break"">Ol√°, Ramon.&nbsp;&nbsp;&nbsp;&nbsp;</p><p class=""spinmail-quill-editor__spin-break""><br></p><p class=""spinmail-quill-editor__spin-break"">A FGV traz para voc√™ um formato de estudo com aulas 100% ao vivo por webconfer√™ncia, com total intera√ß√£o entre alunos e professores para ampliar seu portf√≥lio. Uma metodologia pr√°tica em constante atualiza√ß√£o, com tend√™ncias globais, para diferenciar o seu curr√≠culo.</p><p class=""spinmail-quill-editor__spin-break""><br></p><p class=""spinmail-quill-editor__spin-break"">Conte com a excel√™ncia FGV para conquistar uma forma√ß√£o com t√©cnicas em gest√£o necess√°rias para seu desenvolvimento profissional.</p><p class=""spinmail-quill-editor__spin-break""><br></p><p class=""spinmail-quill-editor__spin-break"">Volte ao site e inscreva-se.</p>"
3,"Ol√° Cristiane, tenho interesse sim."
4,"Ol√°, Bom dia! Sou Cristiane, da Coachr RH, Tenho oportunidades na sua √°rea de atua√ß√£o em uma empresa de grande porte e gostaria de saber se tem interesse em conhecer mais sobre as propostas. Se sim, poderia me adicionar ou entrar em contato? Desde j√° agrade√ßo"
5,De gra√ßa √© o rabo da sua m√£e fdp
6,de gra√ßa assim?
7,oh
8,Vai se fuder arrombado
9,Obrigado
10,Feliz anivers√°rio!https://m.youtube.com/watch?v=CrbikfNyQFo&feature=youtu.be
11,Obrigado
12,Feliz anivers√°rio!
13,Feliz anivers√°rio!
14,Obrigado
15,Feliz anivers√°rio!
16,Por nada!
17,Obrigado
18,Parab√©ns! Que Deus possa iluminar seus passos e que sua caminhada seja de muita  luz e prosperidade!
19,"Feliz anivers√°rio! Que Deus te aben√ßoe e ilumine sua vida pessoal e profissional! Felicidades, sa√∫de e paz!"
20,"Valeu, Marcelo"
21,Obrigado por me adicionar √† sua rede. Espero que tudo esteja bem com voc√™
22,"Hi Ramon, I am Rao founder of FetchCFD (web platform for finding, downloading and publishing engineering simulations, CFD, FEA, CAD for free). I'd like to join your professional network. Best, Dr. Rao Masood Get your free FetchCFD account at: https://fetchcfd.com/register"
23,"Boa tarde Rondinelli, tudo bem?  Meu nome √© Ramon, sou Engenheiro Mec√¢nico da Survey Caldeiras. Antigamente, ainda quando cham√°vamos RSL Reical, n√≥s prest√°vamos servi√ßos de inspe√ß√£o da norma NR-13 nos vasos de press√£o da 3 Cora√ß√µes S/A, at√© o ano de 2013. De acordo com o e-mail enviado no dia 19/05/2020 para o e-mail (rondinellicampos@3coracoes.com.br ) com c√≥pia para o sr. Varnei, gostar√≠amos de saber o pr√≥ximo vencimento das inspe√ß√µes NR-13 dos vasos relacionados no e-mail para atualizamos nosso banco de dados."
24,"Good morning, thanks for connecting."
25,"Ol√°, Meu nome √© F√°bio Paiva e gostaria de compor com voc√™ esta rede prof√≠ssional."
26,"Bom dia, Ramon  Seja bem vindo.   Tudo bem?   Sou gerente pessoa f√≠sica e empresa do Banco Original, caso tenha interesse de conhecer melhor o Banco, terei o prazer de explicar melhor.   Obrigado"
27,"√ìtimo !!  Segue o link do webin√°rio.  https://alphadiamond.me/claudioba  Importante preencher o formul√°rio para assistir ao v√≠deo.  Obrigado, Cl√°udio B. Ara√∫jo"
28,OK
29,"Ol√° Ramon, tudo bem ?  Estou divulgando um material novo sobre o meu neg√≥cio e como voc√™ √© Engenheiro mec√¢nico na Survey Caldeiras, sua opini√£o √© muito importante para mim.  Se eu te enviar, voc√™ assiste ?  Muito obrigado, Cl√°udio B. Ara√∫jo"
30,"Ol√° Ramon,  Obrigado por ter me retornado.  Como somos a empresa de maior crescimento na hist√≥ria de nosso setor, vejo que podemos fazer uma parceria.  Ali√°s, eu tenho um pequeno (10 min.) webin√°rio para voc√™ entender como o nosso modelo de expans√£o se alinha com a sua experi√™ncia. Gostaria muito que voc√™ o assistisse.  Se eu te encaminhar o link, voc√™ assiste at√© quando?  Obrigado, Cl√°udio B. Ara√∫jo"
31,"Ol√° Cl√°udio, tudo bom?¬†  Atualmente, curso mestrado na UFMG. Mas, busco oportunidades sempre.  Att. Ramon"
32,"Ol√° Ramon,  Obrigado por conectar comigo no LinkedIn.  Sou Executivo de Expans√£o Global de uma multinacional americana. Trabalhamos na Ind√∫stria 4.0 no mercado de anti-idade, com produtos de nano e biotecnologia, patenteados e exclusivos.  Gostaria de fazer uma proposta de parceria. Mas primeiro gostaria de saber um pouco mais sobre voc√™, se est√° buscando mobilidade e tempo?  Obrigado, Cl√°udio B. Ara√∫jo"
33,Feliz anivers√°rio!
34,Feliz anivers√°rio!
35,Feliz anivers√°rio!
36,Feliz anivers√°rio!
37,Feliz anivers√°rio!
38,"Parab√©ns!! Muita sa√∫de, sucesso e alegria na vida! Aproveite o dia, pois ele √© todo seu!"
39,"Ol√° Ramon, como vai ?  Voc√™ poderia abrir uma conex√£o comigo no LinkedIn?  Eu adoraria seguir sua hist√≥ria e atualiza√ß√µes no meu feed.  Obrigado, Cl√°udio B. Ara√∫jo Executivo de Expans√£o Global"
40,Boa Tarde!  Se voc√™ ainda n√£o se inscreveu n√£o fique de fora! Falta 2 dias para o evento! E veja o que preparamos para voc√™ na 3¬∫ Edi√ß√£o da Connect Five! Que ser√° dia 24 de setembro no Espa√ßo Unimed- BH. Espero voc√™ l√°!
41,Bom Dia! Ramon Batista Obrigada por me add em seu contato!  Segue o link de inscri√ß√£o! https://www.sympla.com.br/connect-five---belo-horizonte__517557 Totalmente Gratuito ! N√£o fique de Fora! Fa√ßa j√° sua inscri√ß√£o!   Espero voc√™ l√°! Obrigada.
42,"Ol√°!Estou conectando √† voc√™ para te fazer um convite! Para participar do maior evento sobre Visibilidade de Ativos em real-time, para os setores da Ind√∫stria, Varejo, Log√≠stica. Que ir√° acontecer no Espa√ßo Unimed-BH dia 24 de Setembro. https://www.sympla.com.br/connect-five---belo-horizonte__517557"
43,"Tranquilo, valeu "
44,"Bom dia Marcos, blz amigo e vc? N√£o fa√ßo n√£o. Vou ficar te devendo essa. :)"
45,Bom dia Ramonzinho! Blz mano? Aqui vc faz laudo e projeto estrutural para um telhado receber um sistema solar fotovoltaico? 
46,"Fala, Ramon. Vi que temos interesses comuns e gostaria de adicionar voc√™ para trocarmos conte√∫dos. Ah, estamos contratando vendedores aqui na Midhaz, startup com ambiente agrad√°vel, sem dresscode e grande possibilidade de crescimento profissional. Teria algu√©m para indicar? "
47,Tmj amigo üëäüèº
48,Valeu Mestre. 
49,üëç
50,Henrique recomendou voc√™  Revisar recomenda√ß√£o: https://www.linkedin.com/recs/received?senderId=henriquebru
51,"Ent√£o,  a parte de job hunting (captacao de vagas) n√£o est√° inclu√≠da em meu trabalho. Atuo na prepara√ß√£o do profissional para o mercado. Desconfie de empresas que dizem ter acesso a ""vagas ocultas""."
52,"Ent√£o Clarice, estou recentemente em busca de recoloca√ß√£o no mercado na¬† √°rea de Engenharia Mec√¢nica ou de Produ√ß√£o, em cargos como Analista de Manuten√ß√£o Mec√¢nica, Analista de Processos, Analista de Projetos ou Analista de Planejamento.¬†  Recebi algumas propostas de algumas consultoras que tem acesso a vagas ocultas, na qual n√£o temos acesso e que tem contrapartida de uma % do primeiro sal√°rio. Voc√™ tamb√©m realiza esse tipo de proposta?"
53,"Ol√° Ramon! Para eu te responder com mais assertiva, me conte sobre o que busca? Qual a sua necessidade?"
54,"Ol√° Clarice, gostaria de saber como funciona a sua consultoria."
55,De nada 
56,"Valeu, Tarc√≠sio"
57,https://www.sympla.com.br/o-futuro-dos-engenheiros-no-mercado-de-trabalho-e-na-industria-40__455379
58,31 996992393
59,?
60,Tudo √≥timo.
61,"Poderia me passar seu contato, gostaria de explicar melhor."
62,Boa tarde Ramon tudo bem?
63,"Ol√° F√°tima, tudo bem e com voc√™? Como funciona?"
64,"Ramon, Tudo bem? Me chamo F√°tima e sou Consultora de Carreira do IBRA Outplacement. Meu objetivo √© conhecer melhor seu perfil e indicar poss√≠veis evolu√ß√µes para que alcance novos objetivos profissionais! Faz sentido para voc√™?"
65,"Oii prima, muito obrigado. Boa sorte para n√≥s.:)"
66,"Amigo, seu curr√≠culo t√° excelente !!!! Seu linkedin e seu site tamb√©m, parab√©ns! Segundo nosso rh as expectativas para o mercado esse ano s√£o muito positivas! O mercado est√° aquecendo aos poucos! Espero que logo logo voc√™ receba uma oportunidade massa na √°rea que voc√™ almeja! boa sorte e conte comigo!"
67,Agrade√ßo por aceitar o meu convite. Atualmente ocupo esta fun√ß√£o e tenho a responsabilidade de empreendedor na BH Guia-se neg√≥cios pela internet. Gosto sempre de conhecer um pouco melhor os novos contatos Linkedin. Em que √°rea voc√™ atua?
68,"Ol√°, tudo bem? Trabalho em Estrat√©gia de Marketing Digital na empresa BH Guia-se e estou expandindo a minha rede de contatos na √°rea empresarial e gostaria de receber voc√™ na minha rede profissional do Linkedin. atenciosamente, Fernando Alonso! "
69,"Ol√° Ramon,  Trabalho com a expans√£o de uma grande marca brasileira e o nosso intuito √© dar a oportunidade para novos empreendedores e gostaria de me conectar com voc√™ aqui pelo Linkedin."
70,"Ol√°, Ramon.   Ol√°. Sou Cristiane e atuo na √°rea de Capta√ß√£o de Talentos da empresa Intelbras, entrei em contato com o seu curr√≠culo, atrav√©s do Linkedin. Minha inten√ß√£o e verificar como est√° o seu momento no mercado? Pois estamos trabalhando com uma oportunidade para Promotor de Distribui√ß√£o para a sua regi√£o, o foco de atua√ß√£o desse Promotor ser√° fazer o acompanhamento das principais revendas e canais de distribui√ß√µes da sua regi√£o, a fim de realizar algumas a√ß√µes/campanhas de marketing dos produtos intelbras, garantindo tamb√©m, uma melhor exposi√ß√£o dos nossos produtos, atrav√©s da conquista de espa√ßo dentro desses estabelecimentos, com o objetivo de garantir o aumento do giro dos produtos na sua regi√£o de atendimento. Caso voc√™ tenha interesse em conhecer um pouco mais sobre a oportunidade, favor nos envie seu curr√≠culo atualizado para cristiane.silveira@intelbras.com.br. Somos uma empresa 100% brasileira, que atua nas √°reas de Seguran√ßa, Telecom e Redes. Fundada em 1976, a Intelbras alcan√ßa mais de 20 pa√≠ses para os quais exporta. Atualmente, o grupo Intelbras possui cinco unidades fabris: Matriz, Filial S√£o Jos√© SC, al√©m das Filiais em Minas Gerais e no Amazonas. Desde j√° agrade√ßo!   Maria Am√©lia Viana 48-9859-6526 | buscatalentossc@gmail.com"
71,"<p class=""spinmail-quill-editor__spin-break"">Ol√° Ramon,</p><p class=""spinmail-quill-editor__spin-break""><br></p><p class=""spinmail-quill-editor__spin-break"">O segmento da mobilidade no Brasil inovou. E o mercado exige profissionais e l√≠deres cada vez mais capacitados em gest√£o de projetos da mobilidade e no conhecimento das novas tecnologias, que envolvam o desenvolvimento de novos produtos e servi√ßos.</p><p class=""spinmail-quill-editor__spin-break""><br></p><p class=""spinmail-quill-editor__spin-break"">E voc√™, j√° pensou em atender as demandas do setor se destacando como um <strong>profissional diferenciado</strong>?</p><p class=""spinmail-quill-editor__spin-break""><br></p><p class=""spinmail-quill-editor__spin-break"">O Centro de Engenharia Automotiva, da Escola Polit√©cnica da Universidade de S√£o Paulo, est√° com inscri√ß√µes abertas para o<strong> </strong>novo curso de<strong> Especializa√ß√£o em Engenharia da Mobilidade</strong>.</p><p class=""spinmail-quill-editor__spin-break""><br></p><p class=""spinmail-quill-editor__spin-break"">Aqui est√° a sua oportunidade de estudar em um curso credenciado junto ao Minist√©rio da Educa√ß√£o, com<strong> certificado de Especialista em Engenharia da Mobilidade, emitido pela Universidade de S√£o Paulo</strong>, reconhecida internacionalmente como a&nbsp;melhor universidade de ensino e pesquisa do Brasil.</p><p class=""spinmail-quill-editor__spin-break""><br></p><p class=""spinmail-quill-editor__spin-break"">O corpo docente, em sua maioria doutores em Engenharia, √© um grupo seleto e √∫nico, formado por professores da Universidade de S√£o Paulo e especialistas convidados. Todos&nbsp;com&nbsp;grande&nbsp;experi√™ncia&nbsp;profissional&nbsp;(nacional&nbsp;e internacional) na √°rea da mobilidade e em sistemas de ensino e aprendizagem.</p><p class=""spinmail-quill-editor__spin-break""><br></p><p class=""spinmail-quill-editor__spin-break"">As aulas t√™m in√≠cio em mar√ßo de 2021, na modalidade de ensino √† dist√¢ncia: n√£o presencial, mas s√≠ncrono. Ou seja, <strong>√© poss√≠vel tirar todas as d√∫vidas em tempo real com os professores durante as aulas</strong>. Al√©m de se atualizar com os temas focados em tecnologia e conectividade na mobilidade, o aluno tamb√©m tem a oportunidade de interagir com outros profissionais para a troca de experi√™ncia e informa√ß√µes (<em>networking</em>).</p><p class=""spinmail-quill-editor__spin-break""><br></p><p class=""spinmail-quill-editor__spin-break"">As inscri√ß√µes j√° est√£o abertas e as vagas s√£o limitadas.</p><p class=""spinmail-quill-editor__spin-break""><br></p><p class=""spinmail-quill-editor__spin-break"">Descubra mais informa√ß√µes sobre o curso.</p>"
72,"<p class=""spinmail-quill-editor__spin-break"">Ol√°,&nbsp;Ramon.</p><p class=""spinmail-quill-editor__spin-break""><br></p><p class=""spinmail-quill-editor__spin-break"">Gostaria de oferecer a voc√™ uma <a rel=""noopener"" href=""https://www.linkedin.com/premium/products?displayProducts=&amp;family=general&amp;_ed=0_bvLJH59RTSY-u5c6PMUa4Ly5jMDs0vjQIom9KWf-2yv&amp;type=premium&amp;src=li-in&amp;trk=spinml_mktg_gsub_HA_GS_C_GLOBAL_PT_SPIN_CHOOSER_Prop_Firewood&amp;mcid=6687039922739720192"" target=""_blank"">demonstra√ß√£o gratuita do LinkedIn Premium</a>. Os benef√≠cios do LinkedIn Premium incluem:</p><p class=""spinmail-quill-editor__spin-break""><br></p><ul><li><strong>Cursos do LinkedIn Learning</strong>, para voc√™ se capacitar com mais de 15.000 cursos&nbsp;em&nbsp;v√≠deo criados por especialistas.</li><li><strong>Mensagens de InMail</strong> para entrar em contato com qualquer pessoa, mesmo que voc√™s n√£o estejam conectados.</li><li><strong>Quem viu seu perfil</strong>, para visualizar todas as pessoas que visitaram seu perfil nos √∫ltimos 90 dias.</li><li><strong>Visualiza√ß√£o de perfis sem limites</strong> at√© conex√µes de 3¬∞ grau para ajudar voc√™ a encontrar as pessoas certas para avan√ßar na sua carreira.</li><li><strong>Estat√≠sticas exclusivas nas LinkedIn Pages</strong>, para voc√™ se atualizar sobre seu mercado e outras empresas do seu interesse.</li><li>E muito mais.</li></ul><p class=""spinmail-quill-editor__spin-break""><br></p><p class=""spinmail-quill-editor__spin-break"">Comece j√° sua demonstra√ß√£o gratuita de 1 m√™s.</p><p class=""spinmail-quill-editor__spin-break""><br></p><p class=""spinmail-quill-editor__spin-break"">Atenciosamente,</p><p class=""spinmail-quill-editor__spin-break"">&nbsp;</p><p class=""spinmail-quill-editor__spin-break"">Liza e a Equipe LinkedIn Premium</p>"
73,"<p class=""spinmail-quill-editor__spin-break"">A crise causada pelo novo coronav√≠rus nos mostra que, mesmo diante de tempos dif√≠ceis como o agora, h√° espa√ßo para o aprendizado, a reinven√ß√£o e a acelera√ß√£o de tend√™ncias que j√° estavam em curso. E o sistema rodovi√°rio, atento √†s oportunidades surgidas em meio ao caos, come√ßa a reagir.</p><p class=""spinmail-quill-editor__spin-break"">Por isso, reunimos os principais pontos de aten√ß√£o sobre as perspectivas que est√£o movimentando o mercado e apontamos alguns dos caminhos que dever√£o ganhar for√ßa ap√≥s a pandemia.</p><p class=""spinmail-quill-editor__spin-break"">Saiba mais sobre esse assunto.</p><p class=""spinmail-quill-editor__spin-break"">Entenda como o fim da resist√™ncia a algumas inova√ß√µes √© essencial para que o setor de transporte se recupere diante de uma nova realidade.&nbsp;</p>"
74,Fabricamos nossas pr√≥prias m√°quinas
75,"<p class=""spinmail-quill-editor__spin-break"">Ol√°,&nbsp;Ramon.</p><p class=""spinmail-quill-editor__spin-break""><br></p><p class=""spinmail-quill-editor__spin-break"">Gostaria de oferecer a voc√™ uma <a rel=""noopener"" href=""https://www.linkedin.com/premium/products?displayProducts=&amp;family=general&amp;_ed=0_bvLJH59RTSY-u5c6PMUa4Ly5jMDs0vjQIom9KWf-2yv&amp;type=premium&amp;src=li-in&amp;trk=spinml_mktg_gsub_HA_GS_C_GLOBAL_PT_SPIN_CHOOSER_Prop_CV19&amp;mcid=6660862452961542144"" target=""_blank"">demonstra√ß√£o gratuita do LinkedIn Premium</a>. Os benef√≠cios do LinkedIn Premium incluem:</p><p class=""spinmail-quill-editor__spin-break""><br></p><ul><li><strong>Cursos do LinkedIn Learning</strong>, para voc√™ se capacitar com mais de 15.000 cursos&nbsp;em&nbsp;v√≠deo criados por especialistas.</li><li><strong>Mensagens de InMail</strong> para entrar em contato com qualquer pessoa, mesmo que voc√™s n√£o estejam conectados.</li><li><strong>Quem viu seu perfil</strong>, para visualizar todas as pessoas que visitaram seu perfil nos √∫ltimos 90 dias.</li><li><strong>Visualiza√ß√£o de perfis sem limites</strong> at√© conex√µes de 3¬∞ grau para ajudar voc√™ a encontrar as pessoas certas para avan√ßar na sua carreira.</li><li><strong>Estat√≠sticas exclusivas nas LinkedIn Pages</strong>, para voc√™ se atualizar sobre seu mercado e outras empresas do seu interesse.</li><li>E muito mais.</li></ul><p class=""spinmail-quill-editor__spin-break""><br></p><p class=""spinmail-quill-editor__spin-break"">Comece j√° sua demonstra√ß√£o gratuita de 1 m√™s.</p><p class=""spinmail-quill-editor__spin-break""><br></p><p class=""spinmail-quill-editor__spin-break"">Atenciosamente,</p><p class=""spinmail-quill-editor__spin-break"">&nbsp;</p><p class=""spinmail-quill-editor__spin-break"">Liza e a Equipe LinkedIn Premium</p>"
76,"<p class=""spinmail-quill-editor__spin-break"">Ol√°,&nbsp;Ramon.</p><p class=""spinmail-quill-editor__spin-break"">&nbsp;</p><p class=""spinmail-quill-editor__spin-break"">As pessoas andam pesquisando e visitando seu perfil cada vez mais. Saiba quem elas s√£o com uma <a rel=""noopener"" href=""https://www.linkedin.com/premium/switcher?upsellOrderOrigin=spinml_mktg_jss_HA_GS_C_GLOBAL_PT_SPIN_CHOOSER_WVMPTrigger_Firewood&amp;mcid=6687037367007657984"" target=""_blank"">demonstra√ß√£o gratuita de um m√™s do LinkedIn Premium</a>.</p><p class=""spinmail-quill-editor__spin-break"">&nbsp;</p><p class=""spinmail-quill-editor__spin-break"">Experimente Premium para ver a lista completa de quem viu seu perfil nos √∫ltimos 90 dias. N√£o perca esta chance de conhecer seu pr√≥ximo empregador, cliente ou parceiro de neg√≥cios.</p><p class=""spinmail-quill-editor__spin-break"">&nbsp;</p><p class=""spinmail-quill-editor__spin-break"">Comece j√° sua demonstra√ß√£o gratuita de 1 m√™s. Cancele quando desejar.</p><p class=""spinmail-quill-editor__spin-break"">&nbsp;</p><p class=""spinmail-quill-editor__spin-break"">Atenciosamente,</p><p class=""spinmail-quill-editor__spin-break"">Liza e a Equipe LinkedIn Premium</p>"
77,"<p class=""spinmail-quill-editor__spin-break"">Escolha o maior projeto de desenvolvimento urbano sustent√°vel da Am√©rica Latina. A apenas 15 minutos do BH Shopping, a CSul Lagoa dos Ingleses desenvolve uma regi√£o que traduz, na pr√°tica, o que √© qualidade de vida. Al√©m de um polo de biotecnologia e um futuro campus da PUC Minas, s√£o mais de 27 milh√µes de m¬≤ com uma √°rea verde equivalente a 73 parques municipais, com 120m¬≤ de habitante por √°rea verde e muito mais.&nbsp;</p><p class=""spinmail-quill-editor__spin-break""><br></p>"
78,"<p class=""spinmail-quill-editor__spin-break"">Ol√° Ramon,</p><p class=""spinmail-quill-editor__spin-break""><em>&nbsp;</em></p><p class=""spinmail-quill-editor__spin-break"">Meu nome √© Bianca Domingues, <strong>Coordenadora de Sele√ß√£o Acad√™mica em IEBS Business School</strong>, Escola de Neg√≥cios da Inova√ß√£o e Empreendedores. Depois de observar suas <strong>aptid√µes e interesses</strong> em seu perfil do LinkedIn, acredito que especializar-se com uma <strong>P√≥s-gradua√ß√£o em Anal√≠tica Web</strong> pode ser uma grande oportunidade para alavancar seu perfil profissional.</p><p class=""spinmail-quill-editor__spin-break"">&nbsp;</p><p class=""spinmail-quill-editor__spin-break"">Nos dias de hoje, as empresas necessitam poder <strong>extrair dados da web</strong>, medir e analisar o que acontece no ambiente digital para serem capazes de transformar tais dados em <strong>informa√ß√£o √∫til</strong> para a tomada de decis√µes. Por isso, √© uma das <strong>especialidades mais solicitadas</strong> dentro do mercado.</p><p class=""spinmail-quill-editor__spin-break"">Com a <strong>P√≥s-gradua√ß√£o em Anal√≠tica Web </strong>voc√™ ir√° adquirir as capacita√ß√µes necess√°rias para:</p><p class=""spinmail-quill-editor__spin-break""><br></p><ul><li>Desenvolver e implementar um plano de medi√ß√£o de anal√≠tica digital.</li><li>Analisar problemas e propor melhorias na otimiza√ß√£o da convers√£o web.</li><li>Aplicar as configura√ß√µes b√°sicas no <strong>Google Analytics:</strong></li><li>Criar segmentos e acompanhamento de campanhas, transa√ß√µes, integra√ß√£o com Google Ads e Google Search Console.</li><li>Aprender o uso avan√ßado do Excel focado no posicionamento em sistemas de busca.</li></ul><p class=""spinmail-quill-editor__spin-break""><br></p><p class=""spinmail-quill-editor__spin-break"">Uma vez finalizado o programa acad√™mico, obter√° uma <strong>Dupla Titula√ß√£o</strong> gra√ßas aos conv√™nios para a acredita√ß√£o de nossas titula√ß√µes com as mais prestigiadas universidades.</p><p class=""spinmail-quill-editor__spin-break""><br></p><p class=""spinmail-quill-editor__spin-break"">Na IEBS, sendo a <strong>2¬™ Escola de neg√≥cios online </strong>no <strong>ranking Iberoamericano</strong> de Escolas de Neg√≥cios, nosso objetivo √©<strong> formar os</strong> <strong>novos l√≠deres</strong> que s√£o exigidos pelo mercado atual, com um esp√≠rito empreendedor e inovador.</p><p class=""spinmail-quill-editor__spin-break"">&nbsp;</p><p class=""spinmail-quill-editor__spin-break"">&nbsp;</p><p class=""spinmail-quill-editor__spin-break"">Atenciosamente,</p><p class=""spinmail-quill-editor__spin-break"">&nbsp;</p><p class=""spinmail-quill-editor__spin-break""><strong>Bianca Domingues, Coordenadora de Sele√ß√£o Acad√™mica</strong></p>"
79,"<p class=""spinmail-quill-editor__spin-break"">Ol√°,&nbsp;Ramon.</p><p class=""spinmail-quill-editor__spin-break"">&nbsp;</p><p class=""spinmail-quill-editor__spin-break"">As pessoas andam pesquisando e visitando seu perfil cada vez mais. Saiba quem elas s√£o com uma <a rel=""noopener"" href=""https://www.linkedin.com/premium/switcher?upsellOrderOrigin=spinml_mktg_jss_HA_C_GS_WVMP_trigger_localized_Portuguese_CV19&amp;mcid=6661577636701175808"" target=""_blank"">demonstra√ß√£o gratuita de um m√™s do LinkedIn Premium</a>.</p><p class=""spinmail-quill-editor__spin-break"">&nbsp;</p><p class=""spinmail-quill-editor__spin-break"">Experimente Premium para ver a lista completa de quem viu seu perfil nos √∫ltimos 90 dias. N√£o perca esta chance de conhecer seu pr√≥ximo empregador, cliente ou parceiro de neg√≥cios.</p><p class=""spinmail-quill-editor__spin-break"">&nbsp;</p><p class=""spinmail-quill-editor__spin-break"">Comece j√° sua demonstra√ß√£o gratuita de 1 m√™s. Cancele quando desejar.</p><p class=""spinmail-quill-editor__spin-break"">&nbsp;</p><p class=""spinmail-quill-editor__spin-break"">Atenciosamente,</p><p class=""spinmail-quill-editor__spin-break"">Liza e a Equipe LinkedIn Premium</p>"
81,"<p class=""spinmail-quill-editor__spin-break"">Ol√°, Ramon.</p><p class=""spinmail-quill-editor__spin-break""><br></p><p class=""spinmail-quill-editor__spin-break"">Com base nas suas atividades recentes, eu gostaria de oferecer a voc√™ uma demonstra√ß√£o gratuita do LinkedIn Premium Career!</p><p class=""spinmail-quill-editor__spin-break""><br></p><p class=""spinmail-quill-editor__spin-break"">Com o LinkedIn Premium, voc√™ tem acesso aos seguintes recursos adicionais:</p><p class=""spinmail-quill-editor__spin-break""><br></p><ul><li><strong>Mensagens de InMail</strong>, para entrar em contato com qualquer pessoa, mesmo que voc√™s n√£o estejam conectados.</li><li><strong>Quem viu seu perfil</strong>, para visualizar todas as pessoas que visitaram seu perfil nos √∫ltimos 90 dias.</li><li>Uma lista das vagas para as quais voc√™ seria um dos <strong>melhores candidatos</strong>.</li><li><strong>Informa√ß√µes comparativas </strong>que avaliam seu perfil em rela√ß√£o ao de outros candidatos √†s mesmas vagas.</li></ul><p class=""spinmail-quill-editor__spin-break"">Comece j√° sua demonstra√ß√£o gratuita de 1 m√™s</p><p class=""spinmail-quill-editor__spin-break""><br></p><p class=""spinmail-quill-editor__spin-break"">Atenciosamente,</p><p class=""spinmail-quill-editor__spin-break"">Cassie e a equipe LinkedIn Premium</p>"
82,"<p class=""spinmail-quill-editor__spin-break""><em>Ol√°, Ramon.</em></p><p class=""spinmail-quill-editor__spin-break""><br></p><p class=""spinmail-quill-editor__spin-break""><em>Aguardamos voc√™ no evento mais esperado entre CEOs, economistas e pol√≠ticos brasileiros de 2020. A nova edi√ß√£o do CEO Conference acontecer√° nos dias 18 e 19 de fevereiro e voc√™ poder√° assistir ao vivo de onde estiver. </em></p><p class=""spinmail-quill-editor__spin-break""><br></p><p class=""spinmail-quill-editor__spin-break""><em>Tudo ser√° transmitido pelo nosso canal do YouTube. Se voc√™ sempre quis saber o que os grandes l√≠deres est√£o pensando sobre o futuro do Brasil e est√° em busca de insights para a sua carreira ou o seu neg√≥cio, este evento pode ser exatamente o que voc√™ procura. </em></p><p class=""spinmail-quill-editor__spin-break""><br></p><p class=""spinmail-quill-editor__spin-break""><em>Pol√≠tica. Economia. Inova√ß√£o. Todas essas √°reas ser√£o debatidas entre grandes nomes de cada setor. No ano passado, produzimos mais de 20 horas de conte√∫do extremamente qualificado. Pelo nosso palco, passaram nomes de peso, como Luiza Helena Trajano (Magazine Luiza), Henrique Meirelles (Secret√°rio da Fazenda de S√£o Paulo) e muito mais. </em></p><p class=""spinmail-quill-editor__spin-break""><em>&nbsp;</em></p><p class=""spinmail-quill-editor__spin-break""><em>Inscreva-se gratuitamente no bot√£o abaixo para saber antes do p√∫blico em geral sobre palestrantes, pain√©is e acesso aos insights do BTG Pactual.</em></p>"
83,"<p class=""spinmail-quill-editor__spin-break"">Ol√°,&nbsp;Ramon.</p><p class=""spinmail-quill-editor__spin-break""><br></p><p class=""spinmail-quill-editor__spin-break"">As pessoas andam pesquisando e visualizando seu perfil cada vez mais. Saiba quem elas s√£o com uma demonstra√ß√£o gratuita de um m√™s do LinkedIn Premium.</p><p class=""spinmail-quill-editor__spin-break""><br></p><p class=""spinmail-quill-editor__spin-break""><strong>Experimente Premium para ver a lista completa de quem viu seu perfil nos √∫ltimos 90 dias</strong>. N√£o perca esta chance de conhecer seu pr√≥ximo empregador, cliente ou parceiro de neg√≥cios.</p><p class=""spinmail-quill-editor__spin-break""><br></p><p class=""spinmail-quill-editor__spin-break"">Comece j√° sua demonstra√ß√£o gratuita de 1 m√™s. Cancele quando desejar.</p><p class=""spinmail-quill-editor__spin-break""><br></p><p class=""spinmail-quill-editor__spin-break"">Atenciosamente,</p><p class=""spinmail-quill-editor__spin-break""><br></p><p class=""spinmail-quill-editor__spin-break"">Cassie e a Equipe LinkedIn Premium</p>"
84,"<p class=""spinmail-quill-editor__spin-break"">Ol√° Ramon,</p><p class=""spinmail-quill-editor__spin-break""><br></p><p class=""spinmail-quill-editor__spin-break"">A conformidade com as regulamenta√ß√µes de prote√ß√£o de dados √© demonstrada todos os dias e n√£o apenas durante as auditorias ou ap√≥s uma importante altera√ß√£o regulat√≥ria.</p><p class=""spinmail-quill-editor__spin-break""><br></p><p class=""spinmail-quill-editor__spin-break"">As organiza√ß√µes l√≠deres est√£o voltando aos fundamentos de seguran√ßa, com a grande diferen√ßa de usar intelig√™ncia artificial agora e, assim, automatizar processos para conceder acesso e gerenciar identidades, contribuindo para a limpeza dos dados em suas opera√ß√µes.&nbsp;</p><p class=""spinmail-quill-editor__spin-break""><br></p><p class=""spinmail-quill-editor__spin-break"">Descubra como voc√™ pode trabalhar conforme os regulamentos e reduzir o risco do neg√≥cio. Quero compartilhar um guia para melhorar o controle de acesso de sua organiza√ß√£o, integrando os sistemas existentes. Voc√™ pode contar com a IBM.&nbsp;</p><p class=""spinmail-quill-editor__spin-break""><br></p><p class=""spinmail-quill-editor__spin-break"">Estou √† disposi√ß√£o.</p>"
85,"<p class=""spinmail-quill-editor__spin-break"">Ol√° Ramon Batista,</p><p class=""spinmail-quill-editor__spin-break""><br></p><p class=""spinmail-quill-editor__spin-break"">Como reduzir o tempo dedicado a suportar tarefas dentro da sua infraestrutura de TI composta por v√°rios fornecedores e marcas?</p><p class=""spinmail-quill-editor__spin-break""><br></p><p class=""spinmail-quill-editor__spin-break"">De acordo com o estudo da Forrester, sua empresa pode reduzir o tempo gasto em suporte de hardware em at√© 20%. Isso pode gerar uma melhor colabora√ß√£o entre suas diferentes equipes de TI, melhor qualidade de servi√ßo e prolongar a vida √∫til do seu equipamento.</p><p class=""spinmail-quill-editor__spin-break""><br></p><p class=""spinmail-quill-editor__spin-break"">Tudo isso √© poss√≠vel com o IBM Multivendor Support Services, que fornece cobertura global por meio de um √∫nico ponto de contato e conhecimento de mercado que a IBM pode fornecer.</p><p class=""spinmail-quill-editor__spin-break""><br></p><p class=""spinmail-quill-editor__spin-break"">&nbsp;Reduza a complexidade de sua empresa e conhe√ßa suas poss√≠veis economias em planejamento e treinamento.</p><p class=""spinmail-quill-editor__spin-break""><br></p><p class=""spinmail-quill-editor__spin-break"">&nbsp;</p>"
86,"<p class=""spinmail-quill-editor__spin-break"">Ol√° Ramon Batista,</p><p class=""spinmail-quill-editor__spin-break"">Se voc√™ gasta muito&nbsp;tempo&nbsp;gerenciando&nbsp;dezenas&nbsp;de&nbsp;contratos de suporte&nbsp;t√©cnico de diferentes fornecedores e&nbsp;n√£o consegue&nbsp;focar no neg√≥cio, voc√™ precisa da agilidade&nbsp;de um √∫nico parceiro de manuten√ß√£o especializada para&nbsp;todas as suas necessidades de TI.</p><p class=""spinmail-quill-editor__spin-break"">A IBM ajuda&nbsp;voc√™ a reduzir&nbsp;at√© 25% os custos, o tempo&nbsp;e a&nbsp;complexidade&nbsp;de seu ambiente&nbsp;com o suporte a mais de&nbsp;30.000 equipamentos&nbsp;de m√∫ltiplos&nbsp;fornecedores.</p>"
87,"<p>Ol√° Ramon Batista,</p><p>Se voc√™ gasta muito&nbsp;tempo&nbsp;gerenciando&nbsp;dezenas&nbsp;de&nbsp;contratos de suporte&nbsp;t√©cnico de diferentes fornecedores e&nbsp;n√£o consegue&nbsp;focar no neg√≥cio, voc√™ precisa da agilidade&nbsp;de um √∫nico parceiro de manuten√ß√£o especializada para&nbsp;todas as suas necessidades de TI.</p><p>A IBM ajuda&nbsp;voc√™ a reduzir&nbsp;at√© 25% os custos, o tempo&nbsp;e a&nbsp;complexidade&nbsp;de seu ambiente&nbsp;com o suporte a mais de&nbsp;30.000 equipamentos&nbsp;de m√∫ltiplos&nbsp;fornecedores.</p>"
88,"%FIRSTNAME%, voc√™ quer se tornar um especialista em computa√ß√£o na nuvem?Est√° chegando a hora de ampliar seus conhecimentos.Participe da transmiss√£o ao vivo do Cloud OnBoard 2019, o maior evento do Google voltado √† programa√ß√£o. Trata-se de um dia inteiro de capacita√ß√£o e treinamento, com demonstra√ß√µes que v√£o levar suas habilidades de desenvolvimento a um outro n√≠vel.E o melhor de tudo? O sinal ser√° transmitido para salas de cinema em v√°rias cidades brasileiras, como Belo Horizonte, Curitiba, Bras√≠lia, Porto Alegre, Recife, Rio de Janeiro e Florian√≥polis.Clique no link abaixo e participe!Voc√™ vai poder conferir dicas e conte√∫dos especiais sobre dois temas principais, Core Infrastructure e a rela√ß√£o entre Big Data &amp; Machine Learning. Cada um deles ter√° uma sess√£o de 4 horas cada. Em demonstra√ß√µes paralelas, tamb√©m ser√£o abordados produtos e solu√ß√µes como Kubernetes, Cloud Dataproc, Dataflow, Tensorflow e BigQuery.E muito mais!Inicie sua jornada at√© a nuvem.Aguardamos voc√™!"
89,"Ol√°,&nbsp;%FIRSTNAME%.As pessoas andam pesquisando e visualizando seu perfil cada vez mais. Saiba quem elas s√£o com uma demonstra√ß√£o gratuita de um m√™s do LinkedIn Premium.Experimente Premium para ver a lista completa de quem viu seu perfil nos √∫ltimos 90 dias. N√£o perca esta chance de conhecer seu pr√≥ximo empregador, cliente ou parceiro de neg√≥cios.Comece j√° sua demonstra√ß√£o gratuita de 1 m√™s. Cancele quando desejar.Atenciosamente,Cassie e a Equipe LinkedIn Premium"
90,"Ol&aacute; Ramon, tudo bem?Gostaria somente de deixar aqui um convite para que voc&ecirc; conhe&ccedil;a os nossos novos cursos de P&oacute;s-gradua&ccedil;&atilde;o. O IGTI &eacute; atualmente a institui&ccedil;&atilde;o de ensino superior de refer&ecirc;ncia nacional em p&oacute;s-gradua&ccedil;&atilde;o e forma&ccedil;&atilde;o profissional em TI e tecnologias emergentes, com milhares de alunos em todo pa&iacute;s. Se voc&ecirc; quiser, pode agendar uma videoconfer&ecirc;ncia com um de nossos professores para conhecer de perto os programas de Big Data, Machine Learning, Development, Agile, Blockchain, Ciberseguran&ccedil;a, Cloud Computing, Transfor&ccedil;&atilde;o Digital e outros.Ah, e n&atilde;o deixe de participar de nossos Webinars semanais. Eles fornecem insights super pr&aacute;ticos sobre estes temas. Continue conosco pelo Linkedin para ser notificado sobre a agenda dos pr&oacute;ximos eventos. Obrigada.Um abra&ccedil;o,Amanda Costa de MoraisEquipe IGTI"
91,"Ol√°, Ramon.Com base nas suas atividades recentes, eu gostaria de oferecer a voc√™ uma demonstra√ß√£o gratuita do LinkedIn Premium Career!Com o LinkedIn Premium, voc√™ tem acesso aos seguintes recursos adicionais:Mensagens de InMail, para entrar em contato com qualquer pessoa, mesmo que voc√™s n√£o estejam conectados.Quem viu seu perfil, para visualizar todas as pessoas que visitaram seu perfil nos √∫ltimos 90 dias.Uma lista das vagas para as quais voc√™ seria um dos melhores candidatos.A candidatura em destaque coloca em evid√™ncia sua candidatura entre as recebidas por anunciantes de vagas.Informa√ß√µes comparativas que avaliam seu perfil em rela√ß√£o ao de outros candidatos √†s mesmas vagas. Comece j√° sua demonstra√ß√£o gratuita de 1 m√™sAtenciosamente,Cassie e a equipe LinkedIn Premium"
92,"Ol&aacute;,&nbsp;RamonN&oacute;s do BSI ajudamos organiza&ccedil;&otilde;es, desde as principais marcas globais at&eacute; ambiciosas empresas de pequeno porte, em v&aacute;rios pa&iacute;ses, a obterem vantagens sobre seus concorrentes.Dentre nosso portf&oacute;lio de certifica&ccedil;&atilde;o, oferecemos a ISO 50001, a norma internacional que define pr&aacute;ticas de gest&atilde;o de energia consideradas as melhores do mundo, pois uma gest&atilde;o de energia eficiente n&atilde;o &eacute; apenas bom para o neg&oacute;cio, ela est&aacute; se tornando uma exig&ecirc;ncia.Baixe nosso conte&uacute;do exclusivo da norma e torne a excel&ecirc;ncia um h&aacute;bito na sua empresa."
93,"Ol&aacute;,&nbsp;Ramon.Com base nas suas atividades recentes, gostaria de oferecer a voc&ecirc; uma demonstra&ccedil;&atilde;o gratuita do LinkedIn Premium Business!Com o Premium Business, voc&ecirc; tem acesso aos seguintes recursos adicionais:Mensagens de InMail&nbsp;para entrar em contato com qualquer pessoa, como colegas, l&iacute;deres e parceiros em potencial, mesmo que voc&ecirc;s n&atilde;o estejam conectados.Quem viu seu perfil, para visualizar todas as pessoas que visitaram seu perfil nos &uacute;ltimos 90 dias.Visualiza&ccedil;&atilde;o de perfis sem limites&nbsp;at&eacute; conex&otilde;es de 3&deg; grau para ajudar voc&ecirc; a encontrar as pessoas certas para avan&ccedil;ar na sua carreira.Estat&iacute;sticas exclusivas em Company Pages, para voc&ecirc; ficar a par da concorr&ecirc;ncia e outras empresas do seu interesse.Comece j&aacute; sua demonstra&ccedil;&atilde;o gratuita de 1 m&ecirc;sAtenciosamente, Angela e a Equipe LinkedIn Premium"
94,"Ol&aacute;,Voc&ecirc; sabia que cyber ataques causaram R$ 22 bilh&otilde;es de preju&iacute;zos em 2017?&Eacute; por isso que a Oi tem a solu&ccedil;&atilde;o perfeita de seguran&ccedil;a cibern&eacute;tica para a sua empresa: prote&ccedil;&atilde;o de dados na rede, nuvem ou dispositivos m&oacute;veis. Tudo baseado em IA para agilizar o aprendizado do comportamento da empresa com atualiza&ccedil;&atilde;o dos riscos em tempo real na internet.Para conhecer essa solu&ccedil;&atilde;o, acesse&nbsp;oi.com.br/segurancaFonte TI Inside. Fevereiro de 2018."
95,"Ol&aacute;,&nbsp;Ramon.Com base nas suas atividades recentes, gostaria de oferecer a voc&ecirc; uma demonstra&ccedil;&atilde;o gratuita do LinkedIn Premium Business!Com o Premium Business, voc&ecirc; tem acesso aos seguintes recursos adicionais:Mensagens de InMail&nbsp;para entrar em contato com qualquer pessoa, como colegas, l&iacute;deres e parceiros em potencial, mesmo que voc&ecirc;s n&atilde;o estejam conectados.Quem viu seu perfil, para visualizar todas as pessoas que visitaram seu perfil nos &uacute;ltimos 90 dias.Visualiza&ccedil;&atilde;o de perfis sem limites&nbsp;at&eacute; conex&otilde;es de 3&deg; grau para ajudar voc&ecirc; a encontrar as pessoas certas para avan&ccedil;ar na sua carreira.Estat&iacute;sticas exclusivas em Company Pages, para voc&ecirc; ficar a par da concorr&ecirc;ncia e outras empresas do seu interesse.Comece j&aacute; sua demonstra&ccedil;&atilde;o gratuita de 1 m&ecirc;sAtenciosamente, Angela e a Equipe LinkedIn Premium"
